RGBtoXYZ,X,Y,Z
R,16.21096819,8.385770405,0.77972901
G,18.32223535,32.08048648,2.200776416
B,7.966348983,4.335425016,43.42730636
XYZtoRGB,R,G,B
X,0.087753557,-0.022882375,-0.000415983
Y,-0.049352657,0.044255614,-0.001356635
Z,-0.011170638,-0.00022055,0.02323873